y_true,y_pred,residuos
50.2,50.063568941998845,0.13643105800115762
45.7,48.25699790794507,-2.5569979079450675
63.0,63.38453576790062,-0.3845357679006227
62.1,56.74813498482978,5.351865015170219
33.4,38.96192491365829,-5.561924913658288
51.2,57.074644152406016,-5.874644152406013
69.1,63.90602640300758,5.193973596992414
59.6,56.20010089958358,3.3998991004164196
48.2,44.25592881772058,3.9440711822794228
64.3,63.87238732481267,0.4276126751873264
62.7,62.32978662515951,0.3702133748404961
62.4,61.15079836182708,1.24920163817292
60.9,58.85202236304759,2.0479776369524103
58.9,64.17053688681145,-5.270536886811449
47.6,44.93123306084588,2.668766939154125
51.4,57.06577954617358,-5.665779546173582
44.1,50.917477149919044,-6.817477149919043
61.2,57.146788784098625,4.053211215901378
63.5,63.510658107041785,-0.010658107041784604
61.4,62.5914953281389,-1.191495328138899
44.1,58.74723488625636,-14.647234886256356
60.7,59.600277203832896,1.0997227961671072
32.2,37.80749515816421,-5.607495158164205
36.3,36.65594647519293,-0.35594647519292977
33.9,32.17800593465426,1.72199406534574
31.7,36.485016205970716,-4.785016205970717
58.6,60.55236383910279,-1.9523638391027873
79.6,118.78234827602827,-39.18234827602828
61.6,61.61722258579211,-0.017222585792112
56.5,58.32134331610646,-1.8213433161064572
63.9,63.41724302727774,0.4827569727222567
31.6,36.05736907557958,-4.457369075579578
68.9,87.66924139229747,-18.76924139229746
33.7,33.389660077294515,0.31033992270548794
31.8,31.96913797148232,-0.1691379714823178
67.6,66.29015574278444,1.309844257215559
37.6,35.97907625878343,1.620923741216572
65.0,61.353887177717205,3.646112822282795
28.7,26.76998059361997,1.9300194063800298
52.8,53.15310743435209,-0.3531074343520899
62.4,61.30766820218859,1.0923317978114113
61.5,61.46783778797299,0.03216221202701064
63.6,64.12733408117765,-0.5273340811776492
76.1,69.98866882234995,6.111331177650044
54.7,54.05464474402725,0.6453552559727527
70.4,72.19159514820029,-1.7915951482002868
30.3,35.53932020480551,-5.239320204805512
64.0,67.54464990391745,-3.5446499039174455
45.4,43.65129210133275,1.7487078986672486
49.1,47.03545492451037,2.064545075489633
66.5,75.02050366326736,-8.520503663267363
28.6,31.13767977515787,-2.5376797751578692
63.3,60.590190062798406,2.709809937201591
51.5,53.519989969819775,-2.0199899698197754
51.2,65.47911422972689,-14.279114229726886
60.3,61.267859892065026,-0.9678598920650288
62.1,60.54077250603208,1.5592274939679243
57.0,55.80570139075194,1.194298609248058
29.1,28.625472326868397,0.47452767313160393
59.6,61.3932148811186,-1.793214881118601
59.7,56.80992530227716,2.890074697722845
56.0,59.44643336323205,-3.446433363232053
60.7,64.60918664702706,-3.909186647027056
38.9,42.267924382390284,-3.367924382390285
48.1,49.11566594785305,-1.0156659478530514
46.4,48.20630223811397,-1.8063022381139717
74.4,84.25944828056015,-9.859448280560144
59.2,59.26901435456211,-0.06901435456210692
54.5,58.3442411649449,-3.844241164944897
44.9,47.064176870994295,-2.1641768709942966
59.8,62.3486777911154,-2.548677791115402
56.2,59.696123928400034,-3.4961239284000314
58.6,58.490230243549256,0.1097697564507456
51.8,52.60760676396806,-0.8076067639680602
47.7,45.5517167609114,2.148283239088606
62.7,62.47624298046291,0.22375701953709637
45.4,36.94612039538324,8.453879604616759
56.9,48.61665729917065,8.283342700829351
62.5,59.780986451546546,2.7190135484534537
65.3,66.77303642988122,-1.473036429881219
58.7,59.42990397180257,-0.729903971802564
63.8,63.251196176593034,0.5488038234069634
93.9,95.39873273989551,-1.4987327398955017
64.3,59.40697938685269,4.893020613147307
45.6,71.99059808919372,-26.390598089193723
61.2,62.65234115782797,-1.4523411578279664
61.5,62.9581057177404,-1.458105717740402
74.4,73.95306620972576,0.44693379027424385
57.8,57.56836162275632,0.23163837724367653
62.7,65.62001409629514,-2.9200140962951338
28.5,28.204405406188776,0.29559459381122366
58.8,56.888861308008195,1.9111386919918019
39.7,43.40328538744388,-3.703285387443877
58.0,60.45543556765886,-2.45543556765886
36.6,36.47355605909498,0.12644394090501976
60.2,58.715674061155305,1.484325938844698
61.2,58.203570571481215,2.9964294285187876
44.2,39.80091909999252,4.399080900007483
36.1,38.16999548007667,-2.0699954800766704
57.4,59.51510359677419,-2.1151035967741905
75.7,69.43169542448555,6.268304575514449
55.6,57.937120481982895,-2.3371204819828932
30.5,29.638773929091123,0.8612260709088773
57.3,50.4192968468813,6.880703153118695
62.6,64.10390990313095,-1.5039099031309533
27.9,25.95093712951391,1.9490628704860882
60.1,64.15677885218102,-4.056778852181019
62.0,63.523788147260895,-1.5237881472608947
62.6,61.414513143227005,1.1854868567729966
28.6,29.563687682456795,-0.9636876824567935
49.9,53.9807233407498,-4.080723340749799
61.9,59.71208960106251,2.1879103989374897
54.7,50.31520727115171,4.384792728848289
32.3,24.56239144882398,7.737608551176017
61.4,62.124285143219204,-0.7242851432192055
57.8,59.875626403975396,-2.0756264039753987
52.9,54.41263037086947,-1.5126303708694735
75.3,84.4733239875199,-9.173323987519908
30.2,33.9259306464318,-3.7259306464318023
55.4,51.299720473441845,4.100279526558154
63.2,61.17679089484486,2.0232091051551393
88.6,97.35084537140057,-8.750845371400573
60.6,57.46935550555579,3.130644494444212
65.3,62.94701848775559,2.352981512244405
57.0,58.96176105195621,-1.9617610519562092
55.4,54.999006819028615,0.40099318097138337
77.9,82.80642880647605,-4.906428806476043
32.7,33.34997328475992,-0.6499732847599162
65.5,62.73304733936968,2.7669526606303165
33.1,37.13100185608268,-4.031001856082682
62.0,59.95222226745111,2.0477777325488873
33.6,31.08156068930065,2.5184393106993497
51.8,51.367182278975314,0.4328177210246835
53.5,74.79118720877841,-21.29118720877841
56.4,60.48764318764355,-4.08764318764355
57.2,61.72236772492251,-4.5223677249225105
55.4,56.43435436558399,-1.0343543655839937
59.4,60.4325625829808,-1.0325625829808018
54.4,50.988085523711014,3.4119144762889846
60.4,57.18812506413422,3.2118749358657794
79.3,87.39257353680637,-8.09257353680637
75.9,88.08590376394864,-12.18590376394863
61.9,59.04198678617306,2.8580132138269363
57.5,61.39318306293345,-3.8931830629334527
62.5,61.410507046074706,1.0894929539252942
59.4,63.84325670701771,-4.44325670701771
72.8,67.61560887061654,5.184391129383457
53.5,60.82626986451334,-7.326269864513343
59.3,57.454250062656534,1.845749937343463
60.5,57.196910383351614,3.3030896166483856
59.0,58.08941312186415,0.9105868781358524
56.6,65.16637965984532,-8.566379659845317
61.8,59.74705961253489,2.0529403874651067
52.0,48.180055725769684,3.8199442742303162
77.9,93.20404412510416,-15.304044125104156
28.7,26.88852867218028,1.8114713278197208
27.8,26.285666525696932,1.5143334743030685
55.2,74.0953585375338,-18.895358537533795
38.2,37.802224811363025,0.39777518863697736
59.3,58.24427874660862,1.0557212533913756
61.7,62.02114346448929,-0.321143464489289
56.8,54.11142717232561,2.6885728276743848
38.5,39.64903586619646,-1.1490358661964635
57.0,58.23347369355172,-1.2334736935517228
32.3,32.28237428481925,0.01762571518074907
59.7,55.44858844156287,4.251411558437134
50.3,50.11640611940272,0.18359388059727877
59.6,58.250973016313885,1.349026983686116
57.2,59.12236512436797,-1.922365124367964
55.9,55.088479289433884,0.8115207105661142
60.1,53.9820203099295,6.117979690070499
64.5,63.36599683639039,1.1340031636096128
60.0,60.07538990521399,-0.07538990521398858
61.1,62.299241793138144,-1.1992417931381425
95.3,85.93334889188111,9.366651108118887
34.5,37.224781902291106,-2.724781902291106
63.1,62.4345550092381,0.6654449907618982
52.9,68.69086992279128,-15.79086992279128
59.3,62.83899670026393,-3.5389967002639295
65.6,65.48556292806396,0.11443707193603814
63.4,63.79158629352276,-0.39158629352276364
97.5,69.46190376076962,28.038096239230384
59.9,61.34747872475473,-1.4474787247547312
61.9,75.10551867393053,-13.205518673930534
62.0,61.831599851551225,0.16840014844877516
50.2,50.771717988021614,-0.5717179880216108
63.0,65.60160633431431,-2.6016063343143117
28.1,30.97571311464727,-2.8757131146472688
31.9,34.32664612442655,-2.4266461244265543
56.2,57.66835314626838,-1.4683531462683774
94.7,93.32463930333259,1.3753606966674141
32.2,31.87912704777718,0.3208729522228211
61.0,60.853102700252286,0.14689729974771382
60.0,58.61379656752364,1.386203432476357
50.3,48.175411046786074,2.124588953213923
29.0,30.338296897610753,-1.3382968976107534
58.5,50.72499867800878,7.775001321991219
56.7,55.475804010306234,1.2241959896937686
65.6,63.92329232850796,1.6767076714920321
63.9,61.36282676675216,2.5371732332478416
63.8,63.446396995400654,0.3536030045993428
78.9,57.53218701095009,21.367812989049916
41.4,46.21241120989689,-4.812411209896894
50.4,51.56374584497116,-1.1637458449711602
42.0,37.589715354296835,4.410284645703165
60.4,63.73035160539997,-3.3303516053999687
61.3,58.58072220932137,2.7192777906786247
56.4,56.07962014907688,0.3203798509231177
54.5,56.07403616583648,-1.5740361658364819
31.9,32.62159010743337,-0.7215901074333715
29.9,28.013307220070097,1.886692779929902
44.3,46.02174471827009,-1.7217447182700951
68.6,43.6905272377735,24.909472762226493
57.4,56.11357025184521,1.286429748154788
35.9,35.45116039822961,0.44883960177038773
79.5,84.35444912911734,-4.8544491291173415
62.5,60.11720886363367,2.382791136366329
64.3,66.09558857429417,-1.7955885742941717
81.5,74.21209289054812,7.287907109451879
30.0,33.52493489000863,-3.5249348900086304
78.6,85.05762506824132,-6.457625068241327
55.1,58.79038351005861,-3.6903835100586093
74.4,91.01128033888318,-16.611280338883176
34.5,35.49848896132763,-0.9984889613276309
30.3,28.615634089931355,1.6843659100686459
45.3,47.28688080506323,-1.9868808050632296
63.1,63.442191728962676,-0.3421917289626748
62.1,64.7461577941034,-2.646157794103395
63.0,65.9145678766804,-2.914567876680394
95.6,93.90128063636101,1.6987193636389861
81.8,81.0331332140579,0.7668667859420992
97.0,88.10392161443178,8.896078385568217
52.2,89.42072063507351,-37.220720635073505
94.8,99.25046787550664,-4.4504678755066465
57.5,58.276736851537486,-0.7767368515374855
67.5,66.79024290014632,0.7097570998536753
60.9,58.12136542285872,2.7786345771412755
62.6,62.63430346211704,-0.0343034621170375
55.2,60.18628107801823,-4.98628107801823
62.0,59.10518290066269,2.8948170993373097
55.3,55.799415467097596,-0.49941546709759876
62.7,63.17825435684235,-0.4782543568423492
61.9,62.143305988427706,-0.24330598842770712
64.6,67.34089256198305,-2.7408925619830597
55.9,57.63935960374541,-1.739359603745413
58.4,56.3128517961784,2.0871482038215987
44.9,44.182512759842886,0.7174872401571122
52.7,55.43723696844264,-2.7372369684426374
60.0,64.45077400729787,-4.450774007297866
58.8,60.61755134490152,-1.8175513449015241
62.2,63.84812471573377,-1.6481247157337648
52.1,51.890779095676415,0.20922090432358686
49.3,49.114895180731516,0.18510481926848144
59.3,57.48490969570624,1.8150903042937543
61.6,58.00463931512399,3.595360684876013
66.1,63.501969866920085,2.5980301330799094
61.9,60.73498780336849,1.1650121966315083
71.8,55.257591674104,16.542408325895998
57.0,59.15277119088028,-2.15277119088028
58.6,61.34404637416943,-2.7440463741694288
40.6,40.10752132816756,0.4924786718324441
29.1,27.949956163090626,1.1500438369093757
39.6,43.35209788970061,-3.7520978897006074
63.6,63.277813713015284,0.3221862869847172
56.3,53.76503480988381,2.534965190116189
55.2,56.825216203067434,-1.6252162030674313
27.9,29.00973664004608,-1.10973664004608
54.6,53.76704431779876,0.8329556822012449
34.9,39.777624171014274,-4.877624171014276
62.1,61.29291456623984,0.8070854337601645
55.1,54.54515099212309,0.5548490078769106
59.3,59.449095471062115,-0.14909547106211818
48.4,49.898537125307264,-1.4985371253072657
61.5,57.710094918147256,3.789905081852744
38.7,29.0795057436625,9.620494256337501
43.1,42.75586246899319,0.3441375310068082
61.4,59.6325111770687,1.7674888229312984
57.7,53.44525745325249,4.254742546747515
53.4,47.608703233995975,5.791296766004024
95.3,94.81351861272714,0.4864813872728604
55.6,71.22753249563013,-15.627532495630128
77.0,93.38328600117745,-16.383286001177453
72.0,68.93919037114836,3.0608096288516435
60.2,59.30430920725977,0.8956907927402327
52.6,52.63976205054069,-0.03976205054068771
61.2,58.69335509327099,2.506644906729015
63.5,61.15827609913213,2.341723900867869
59.3,57.52998613305814,1.7700138669418592
57.7,57.78117446795158,-0.0811744679515769
52.8,50.446853609829354,2.353146390170643
61.2,60.6615812543894,0.5384187456106062
29.5,33.45445689153431,-3.9544568915343135
59.6,80.71752280632518,-21.117522806325177
30.3,30.743012087222603,-0.443012087222602
83.5,90.53643230223216,-7.036432302232157
76.7,71.66422526826886,5.035774731731138
96.2,94.23351671589413,1.9664832841058768
90.5,73.94517155489874,16.554828445101265
63.2,53.45253022815492,9.747469771845083
39.0,40.372337346510925,-1.3723373465109248
61.5,56.53349489047039,4.9665051095296135
61.4,58.49327833930776,2.9067216606922415
61.4,60.81937950136611,0.5806204986338912
57.8,59.19757256019144,-1.397572560191442
48.0,42.94476323474395,5.055236765256048
51.2,52.97471022164034,-1.7747102216403405
47.3,45.04142303706349,2.258576962936509
65.5,61.885028018341536,3.6149719816584636
31.7,31.268893822056846,0.4311061779431533
65.8,60.57092576042738,5.229074239572618
35.1,33.2738326852485,1.8261673147515012
54.6,58.05846530958643,-3.4584653095864297
98.1,92.16611814520735,5.933881854792645
45.9,48.935739003546495,-3.035739003546496
59.7,56.11325935264369,3.586740647356315
57.0,54.06522681121951,2.9347731887804898
60.7,63.018021684241084,-2.3180216842410815
76.9,58.19672488192031,18.703275118079695
62.2,65.78729599372696,-3.587295993726954
60.5,61.988664468038614,-1.488664468038614
83.8,41.9643215756929,41.8356784243071
60.5,63.03414121965606,-2.534141219656057
29.7,31.452597159596074,-1.7525971595960748
62.7,64.47593990262357,-1.7759399026235627
64.0,65.80994086410053,-1.8099408641005255
27.5,29.93256901491899,-2.4325690149189896
34.4,32.955581458004765,1.4444185419952333
59.1,57.97052173743818,1.1294782625618183
38.4,39.192071951936065,-0.7920719519360659
61.5,62.16568401763319,-0.6656840176331897
39.7,40.52404239047298,-0.8240423904729752
53.3,57.393522186291385,-4.093522186291388
59.6,56.33172597583201,3.2682740241679937
51.0,54.96101369513237,-3.9610136951323724
58.4,55.52280924646322,2.87719075353678
60.4,60.599615293443016,-0.1996152934430171
47.3,51.06668871105175,-3.7666887110517493
47.6,44.67422158271689,2.9257784172831123
61.1,62.5488964895904,-1.4488964895903962
65.5,63.246199093262405,2.2538009067375953
63.3,58.71723748144121,4.582762518558788
63.8,65.37415892135061,-1.574158921350616
39.4,40.01204570472522,-0.6120457047252188
37.1,40.96873832113929,-3.86873832113929
42.3,42.86534963698923,-0.5653496369892324
35.0,37.08312716635567,-2.0831271663556734
33.0,37.992116859524536,-4.992116859524536
61.9,63.97377884245616,-2.0737788424561643
65.2,66.76307369646386,-1.56307369646386
62.9,62.76886512013876,0.13113487986123573
47.7,45.91041561728134,1.7895843827186653
40.1,42.043672626556194,-1.943672626556193
62.4,63.26698689826339,-0.8669868982633915
61.8,58.68374450121194,3.116255498788057
55.1,55.14207471376994,-0.0420747137699351
28.5,30.469977776946983,-1.9699777769469833
94.9,89.61211097175902,5.287889028240983
65.4,64.03308186260605,1.3669181373939523
32.2,33.82080921934196,-1.6208092193419574
39.8,37.195250319854814,2.604749680145183
29.4,31.091134870249455,-1.6911348702494564
63.2,62.22346974584563,0.9765302541543761
60.8,60.82568383984749,-0.02568383984749545
43.8,43.89826366104513,-0.09826366104513085
63.4,63.17392667549421,0.22607332450579065
37.8,35.561268517248074,2.2387314827519234
46.2,46.79483472606537,-0.5948347260653648
33.0,30.405212865572217,2.594787134427783
58.3,56.64105175620076,1.6589482437992373
57.1,57.8460982857224,-0.7460982857223968
37.7,34.56429895145829,3.135701048541712
28.4,28.45393221947787,-0.05393221947787197
58.8,62.22818601762179,-3.4281860176217904
67.1,64.91769158295767,2.1823084170423215
60.6,60.21353619067019,0.38646380932981117
53.5,58.22629053959363,-4.726290539593627
77.4,88.75410899939664,-11.35410899939663
46.7,50.69885289664537,-3.998852896645367
52.2,49.824061507092715,2.375938492907288
61.6,63.5152084151018,-1.9152084151018016
61.6,59.97685055704968,1.6231494429503215
66.3,65.32246464339977,0.9775353566002281
57.8,58.96791825517537,-1.1679182551753726
42.1,41.34725470933031,0.7527452906696936
37.5,38.46999830396958,-0.9699983039695823
45.8,51.4470558852885,-5.647055885288502
39.1,38.439757386997776,0.6602426130022252
54.0,64.26364093982062,-10.263640939820618
58.0,63.94121017075337,-5.941210170753372
56.9,55.930310972899996,0.9696890271000029
35.9,34.942635875224646,0.9573641247753528
63.3,57.033684572744754,6.266315427255243
31.3,30.073412309444684,1.2265876905553164
61.5,61.70784183233467,-0.20784183233467246
59.9,62.35730962319797,-2.457309623197972
63.3,61.38950881656255,1.9104911834374505
76.9,95.3902048456163,-18.49020484561629
59.0,60.03490482161097,-1.0349048216109722
61.9,59.82522113948284,2.0747788605171564
47.0,47.62133471523422,-0.6213347152342195
57.9,59.10140683063273,-1.2014068306327346
49.4,48.64839928873125,0.7516007112687504
93.9,85.63746748892726,8.262532511072749
61.7,63.94665065178837,-2.2466506517883644
57.9,55.7243111172261,2.1756888827738976
57.1,59.471310968811814,-2.3713109688118124
55.6,55.085668891066355,0.5143311089336464
61.8,64.82167991015757,-3.021679910157573
67.3,66.59318997704045,0.7068100229595444
60.7,56.66988265819277,4.030117341807234
62.5,63.034299793064086,-0.5342997930640863
64.2,69.9762074518737,-5.776207451873702
28.2,28.53169359318742,-0.33169359318742053
28.5,26.645625546828008,1.8543744531719923
64.6,79.58912108131378,-14.989121081313783
59.9,55.34551892675473,4.55448107324527
61.8,59.839369333628404,1.9606306663715927
63.9,63.352936024190576,0.5470639758094222
88.6,75.82191049933834,12.77808950066165
28.4,28.404687747606708,-0.004687747606709536
60.6,59.90017599777263,0.6998240022273734
56.5,51.035781700304504,5.464218299695496
59.0,57.38056258560358,1.6194374143964225
59.3,56.76998465408136,2.5300153459186348
58.6,70.5380539439634,-11.938053943963403
61.9,59.11266701956357,2.7873329804364317
61.8,60.66932103451676,1.1306789654832343
79.3,61.818677122527724,17.481322877472273
65.6,62.74647516147231,2.853524838527683
57.4,61.275560386491385,-3.8755603864913866
57.5,57.02316613567938,0.4768338643206178
58.6,60.22521031007826,-1.6252103100782591
49.4,49.27918068553162,0.12081931446837757
56.7,50.78869765643777,5.911302343562234
65.2,63.631664499960884,1.5683355000391188
57.3,54.996094921532354,2.3039050784676434
82.6,76.8745794975867,5.7254205024133
41.6,38.484908540446064,3.1150914595539376
45.9,41.65947435251129,4.24052564748871
88.6,73.88240731022032,14.717592689779678
63.2,44.12140715651021,19.078592843489794
61.4,64.92090721014671,-3.52090721014671
42.7,42.03170034598292,0.6682996540170834
55.9,53.83963885585597,2.060361144144025
63.2,54.50780135178588,8.692198648214124
30.5,31.01839462636257,-0.5183946263625714
59.1,62.618714403185315,-3.5187144031853137
47.5,47.99163394534188,-0.49163394534188143
43.7,44.72067298591694,-1.0206729859169386
70.9,85.80920041516217,-14.90920041516216
80.0,88.33115888249051,-8.331158882490513
35.5,31.296258819843494,4.203741180156506
55.1,56.857030205068845,-1.757030205068844
29.8,31.73495676913661,-1.9349567691366083
58.6,53.724037458740334,4.875962541259668
48.6,74.52934231482081,-25.929342314820808
55.3,59.30082657378198,-4.0008265737819855
38.0,34.42062703370579,3.5793729662942084
53.5,57.95193862719133,-4.451938627191332
60.0,53.61235252405198,6.387647475948022
61.5,57.99799804914506,3.5020019508549396
27.7,30.3927229862824,-2.6927229862824014
35.4,34.486325298520775,0.9136747014792235
64.3,65.13651385378824,-0.8365138537882473
60.4,57.18274495601441,3.2172550439855883
48.7,48.717644027270744,-0.017644027270740992
62.6,61.98185094273666,0.6181490572633379
33.5,32.699437619520005,0.8005623804799953
64.5,63.68287313326754,0.8171268667324583
60.3,56.13251074607097,4.167489253929027
35.7,34.17873154482964,1.5212684551703646
63.1,60.85677343009491,2.24322656990509
52.5,49.95240802283859,2.54759197716141
27.9,26.162169377852116,1.7378306221478823
72.6,61.95389509375915,10.646104906240843
79.0,80.72063259371942,-1.7206325937194151
77.7,96.70110825902714,-19.001108259027134
63.1,66.02393591961442,-2.923935919614415
61.1,60.60479731009905,0.4952026899009496
48.3,50.24550457999815,-1.9455045799981505
48.2,50.90088134404564,-2.7008813440456336
50.0,47.923284329304785,2.076715670695215
72.1,59.64547062277406,12.454529377225931
48.3,48.53461008611888,-0.23461008611888445
58.7,59.893590581317575,-1.1935905813175722
56.2,55.809059749685694,0.39094025031430846
53.0,53.14006886988403,-0.14006886988403267
54.1,53.337935772390914,0.7620642276090877
60.1,58.37023760580981,1.729762394190189
52.5,51.785052487102114,0.7149475128978864
49.8,52.526558546956146,-2.7265585469561486
49.7,45.86303846015284,3.8369615398471595
74.1,85.36484054333346,-11.264840543333463
65.6,63.76196785678676,1.8380321432132334
83.3,84.59316150497926,-1.2931615049792669
59.5,60.531279052204056,-1.0312790522040558
60.8,63.948470819506475,-3.1484708195064783
60.6,55.807126514468884,4.792873485531118
58.4,60.506621892303805,-2.1066218923038065
29.1,27.70479170117374,1.3952082988262617
60.8,42.6789885296409,18.1210114703591
63.1,63.353564972166645,-0.2535649721666431
27.9,27.711141974456858,0.18885802554314068
67.7,59.83908510008673,7.860914899913276
31.5,34.0618074311161,-2.561807431116101
60.8,59.330688474235906,1.4693115257640912
28.5,29.000263693636647,-0.5002636936366471
62.4,61.91352285076527,0.4864771492347302
60.9,61.20298193515156,-0.30298193515156413
36.0,30.393866251077647,5.606133748922353
94.6,107.4673920877674,-12.8673920877674
33.9,31.986845454322967,1.9131545456770311
72.8,46.63387818217827,26.166121817821725
28.0,27.510127504723293,0.48987249527670684
53.6,54.31377806149346,-0.713778061493457
63.8,66.79916994918503,-2.999169949185031
37.1,35.878996286817376,1.2210037131826255
79.2,84.81805254340043,-5.618052543400424
63.7,61.33916255543055,2.360837444569455
78.5,89.57855809631263,-11.078558096312634
53.8,54.06003123785529,-0.26003123785529425
29.0,28.660170970576665,0.3398290294233348
46.7,50.059954010394044,-3.3599540103940413
57.5,56.04681947946994,1.4531805205300614
58.1,56.34085282794239,1.7591471720576095
58.6,63.43834354772084,-4.838343547720839
73.5,74.30417799141941,-0.804177991419408
59.5,57.8669554315078,1.6330445684922026
60.5,51.0881732180169,9.411826781983102
60.5,63.16100867348633,-2.6610086734863287
96.4,70.90020780939648,25.49979219060353
38.1,37.0821752963543,1.0178247036457009
67.5,66.35481468292213,1.1451853170778747
59.3,61.87372327205026,-2.573723272050266
48.6,47.98505838188917,0.6149416181108336
63.6,66.5454584767516,-2.945458476751604
58.2,57.967291975454366,0.23270802454563722
27.8,30.540639545400786,-2.7406395454007857
28.6,26.165825800944894,2.434174199055107
42.4,43.594418247740556,-1.1944182477405576
59.8,62.85207642303235,-3.0520764230323536
61.2,58.598918326644416,2.601081673355587
62.4,61.50505178097283,0.8949482190271709
64.6,64.84912717791366,-0.2491271779136639
58.9,62.076951862161614,-3.1769518621616157
61.3,63.26407995538545,-1.9640799553854507
79.2,67.63654485551771,11.56345514448229
33.9,37.223652392587546,-3.3236523925875474
47.9,49.1252107272387,-1.2252107272387036
50.0,51.1707500062193,-1.1707500062193006
63.6,66.95308096343953,-3.353080963439531
49.0,48.02172771980245,0.978272280197551
30.4,31.749221466903627,-1.3492214669036287
55.1,48.90933107475953,6.190668925240473
29.0,30.803885443347347,-1.8038854433473475
51.8,54.62161010568372,-2.8216101056837246
37.5,41.328149380296985,-3.828149380296985
32.0,29.901143505344812,2.0988564946551875
56.8,52.6000733829467,4.1999266170533005
47.9,49.23075314224982,-1.3307531422498187
28.5,32.395893862552306,-3.895893862552306
60.0,60.85601869034297,-0.856018690342971
61.5,60.111622214535736,1.3883777854642645
40.4,39.20702778848615,1.1929722115138475
56.9,52.07134261509869,4.828657384901305
63.9,54.23730332661338,9.66269667338662
59.6,43.956849895058404,15.643150104941597
60.1,56.441315585955145,3.6586844140448562
61.9,59.940525519813896,1.9594744801861026
50.2,35.77386848402201,14.426131515977993
60.0,60.32650670241522,-0.32650670241522306
92.2,97.70755223112246,-5.50755223112246
61.4,63.108330449616126,-1.7083304496161276
60.4,58.531426533767636,1.8685734662323625
44.7,45.543676302481224,-0.8436763024812208
60.3,58.91569147935899,1.3843085206410066
49.5,51.13402752962295,-1.6340275296229478
63.5,63.74405389031492,-0.2440538903149232
56.3,57.04445135480348,-0.7444513548034806
63.2,59.674632636151706,3.5253673638482965
34.2,34.418553838317074,-0.21855383831707087
31.6,35.34325643838735,-3.7432564383873483
58.2,59.13247410572475,-0.9324741057247437
36.5,37.77627692352713,-1.2762769235271278
27.9,28.652328685002495,-0.752328685002496
58.9,56.46906037952515,2.4309396204748452
59.1,60.40821984730251,-1.3082198473025102
52.6,47.378200476624905,5.221799523375097
43.4,47.68169323612219,-4.281693236122194
58.0,57.58489150570886,0.4151084942911396
62.8,62.25779251811492,0.5422074818850788
75.0,75.03661673039682,-0.036616730396815456
28.5,30.671592340227413,-2.171592340227413
62.6,64.59551254045911,-1.99551254045911
59.9,57.628780824368754,2.271219175631245
63.9,66.58446155181079,-2.6844615518107915
62.3,59.785694365146504,2.5143056348534927
93.1,62.68712344480405,30.412876555195943
59.0,64.28537822305918,-5.285378223059183
60.1,63.60775445603783,-3.50775445603783
54.8,49.18794311976905,5.612056880230945
45.0,59.267127020636856,-14.267127020636856
58.8,57.14047953084228,1.6595204691577194
56.9,58.25021477184527,-1.3502147718452733
55.3,84.24878099309117,-28.948780993091177
60.1,57.69384241977519,2.4061575802248143
49.0,46.73030449427731,2.2696955057226873
81.2,96.89714521836831,-15.697145218368306
36.6,39.21700096856572,-2.617000968565719
61.0,58.26594289389882,2.734057106101183
61.7,63.15223591684903,-1.4522359168490269
52.4,51.88979458902235,0.5102054109776475
62.8,60.61039147494956,2.1896085250504385
62.7,61.373971802063984,1.3260281979360187
49.6,53.2430820740204,-3.6430820740203984
61.1,60.70712520920966,0.39287479079034426
45.4,49.388365594169066,-3.9883655941690677
60.6,58.20943636669619,2.390563633303813
60.3,51.84287123804348,8.457128761956518
63.4,61.33523460721623,2.0647653927837695
58.3,54.483420725773534,3.816579274226463
62.0,61.034210474583624,0.9657895254163762
63.2,62.81709749537463,0.38290250462537045
70.4,60.34152703364641,10.058472966353598
54.9,53.96031947078623,0.9396805292137671
59.1,59.69507894296961,-0.5950789429696073
65.7,65.09531173642378,0.6046882635762216
57.1,60.538777105945265,-3.438777105945263
61.8,59.22602246310738,2.5739775368926203
61.6,65.48684861600395,-3.8868486160039524
43.7,49.13452615624663,-5.434526156246626
76.1,95.39704607535947,-19.297046075359475
93.2,91.21824916777453,1.9817508322254724
86.9,85.13798988909227,1.7620101109077382
58.0,56.67138433475893,1.3286156652410668
27.4,29.865423725683563,-2.4654237256835643
61.1,54.48065729158312,6.61934270841688
61.9,62.19202609735935,-0.29202609735935425
98.0,112.65725909135233,-14.65725909135233
60.0,58.44921342584575,1.5507865741542517
62.7,63.42476175673193,-0.7247617567319296
64.6,63.78705254481027,0.8129474551897218
48.8,50.527589295656064,-1.7275892956560668
60.9,58.86809696497685,2.0319030350231486
61.5,66.54225915269578,-5.042259152695777
62.7,60.24648543052606,2.4535145694739455
63.7,65.09558849229484,-1.3955884922948343
62.0,62.843915477711995,-0.8439154777119953
51.6,58.48999905989485,-6.889999059894848
60.0,58.27987578500183,1.7201242149981724
64.7,62.8839701991734,1.8160298008266054
50.4,54.00038324304595,-3.600383243045954
78.1,87.74579214260746,-9.645792142607462
60.3,57.50513002269751,2.79486997730249
63.9,66.26686569172628,-2.3668656917262823
61.7,60.87916005137868,0.8208399486213196
62.8,59.449404097822985,3.3505959021770124
90.5,79.44176605806845,11.058233941931547
55.5,59.943177001575926,-4.4431770015759255
51.9,52.330470525731464,-0.43047052573146516
62.1,60.26096645983082,1.8390335401691829
62.6,59.618524551664756,2.981475448335246
60.8,65.5118399038216,-4.711839903821598
56.3,57.66041089673106,-1.3604108967310609
51.1,54.222137756607104,-3.1221377566071027
54.9,51.338393300521425,3.561606699478574
56.1,59.10968969521655,-3.009689695216551
34.3,34.060114672906245,0.2398853270937522
56.1,59.12532512943928,-3.025325129439281
28.5,29.106425564464793,-0.6064255644647929
27.8,28.545216785920367,-0.7452167859203662
46.4,44.1322748846405,2.2677251153594966
28.6,30.52000149547292,-1.920001495472917
61.2,61.401645240146145,-0.20164524014614216
56.9,53.36336953377859,3.5366304662214105
77.7,111.91851054193017,-34.21851054193017
64.0,61.477773624837276,2.522226375162724
49.4,45.174025334322344,4.225974665677654
39.4,45.877313919489545,-6.477313919489546
53.0,56.126989049857144,-3.126989049857144
46.5,47.369066382223274,-0.8690663822232736
61.0,59.995880603213685,1.0041193967863151
98.1,78.94445286546497,19.155547134535027
62.9,62.391558584364454,0.508441415635545
32.9,32.94858651430955,-0.04858651430954808
47.4,51.945618559230375,-4.545618559230377
61.2,57.28415684409716,3.9158431559028415
63.7,64.61186295274655,-0.9118629527465458
63.8,77.08163491963842,-13.281634919638421
75.3,70.9843730429786,4.315626957021394
56.8,55.364660983667626,1.435339016332371
47.0,48.58294132033651,-1.5829413203365092
33.0,33.3414629890109,-0.3414629890108998
58.6,61.38492477665114,-2.7849247766511382
53.1,56.19121378580527,-3.091213785805266
58.1,64.41857429509227,-6.318574295092269
61.5,61.365816122685395,0.13418387731460513
59.7,56.084982332840404,3.6150176671595986
48.7,49.103146494267584,-0.4031464942675811
57.0,53.75831918688228,3.2416808131177177
66.5,66.07671267514581,0.4232873248541864
60.2,61.18578092708494,-0.9857809270849387
71.3,94.16824124727657,-22.868241247276572
57.1,54.801309755493286,2.298690244506716
85.7,73.96415813680971,11.735841863190288
80.6,77.27670832908939,3.3232916709106064
61.3,57.310460977405135,3.9895390225948617
55.5,57.20840837701271,-1.7084083770127094
28.1,31.17635301504847,-3.0763530150484684
62.9,63.99213809840146,-1.0921380984014633
50.1,43.08797052961635,7.012029470383652
82.6,78.81547531841142,3.7845246815885787
38.3,42.91480540232245,-4.614805402322453
63.5,37.11658937320164,26.38341062679836
60.3,59.77711278913869,0.5228872108613061
52.9,53.897944571494584,-0.9979445714945854
64.4,67.30907717499599,-2.9090771749959856
62.5,60.62109954739662,1.8789004526033821
61.9,63.916018301739236,-2.016018301739237
34.9,39.898695742700816,-4.998695742700818
57.2,55.55049144128571,1.6495085587142952
62.6,61.07984946842723,1.5201505315727744
62.1,60.4408316267123,1.6591683732876987
50.3,52.40238352175658,-2.102383521756586
64.2,64.2679466947319,-0.0679466947319014
50.3,49.374808460869154,0.925191539130843
49.2,46.34880673148103,2.8511932685189763
41.2,43.649975368703245,-2.4499753687032424
52.4,69.83504629507263,-17.43504629507263
49.3,48.19841277740999,1.1015872225900054
58.3,59.76588694882373,-1.46588694882373
58.4,61.50044572341216,-3.1004457234121645
60.1,61.38368040401141,-1.283680404011406
45.4,47.056722013994225,-1.6567220139942265
56.3,54.22008560837761,2.0799143916223883
28.1,30.508529395068713,-2.4085293950687117
47.2,47.735718607564614,-0.5357186075646112
65.1,63.73770509381583,1.362294906184161
54.0,53.04516893296425,0.954831067035748
33.3,33.857479948579034,-0.5574799485790365
56.1,52.856028099306904,3.243971900693097
98.2,98.12162660499993,0.0783733950000709
59.8,62.561419222613004,-2.761419222613007
52.6,54.24395302252005,-1.6439530225200514
82.3,114.8985265335053,-32.59852653350531
59.8,59.646799557728976,0.1532004422710216
58.3,57.19213224710842,1.107867752891579
61.8,63.9873206865912,-2.1873206865911996
37.0,35.96744399023719,1.032556009762807
32.5,36.53470517483077,-4.034705174830769
73.4,92.83644399087154,-19.43644399087154
36.0,39.66756314308987,-3.667563143089872
43.6,44.226648775100664,-0.6266487751006622
44.0,45.32945145811441,-1.3294514581144128
29.5,33.689461553326844,-4.189461553326844
58.5,56.02588660688138,2.474113393118621
64.8,66.91570019429861,-2.1157001942986113
59.2,57.68257438759397,1.5174256124060364
72.4,84.83669245125532,-12.436692451255311
28.2,27.861169485913173,0.3388305140868262
64.1,65.42140455925548,-1.321404559255484
49.4,48.64114389765711,0.7588561023428895
30.6,30.252674816645417,0.3473251833545845
56.3,61.592502896726856,-5.292502896726859
42.0,41.455744568127635,0.5442554318723651
96.1,114.63479115860756,-18.53479115860756
58.8,57.263358746502824,1.536641253497173
56.4,53.95206085699014,2.4479391430098616
63.7,51.28957465526282,12.410425344737185
50.1,49.96488293139712,0.13511706860288086
69.9,66.07989582851118,3.820104171488822
62.3,57.14685715932702,5.153142840672977
60.2,60.074091637086504,0.12590836291349916
62.9,58.28356804960929,4.616431950390705
60.3,57.490517800130355,2.8094821998696418
62.2,60.9529166854414,1.2470833145586013
38.9,35.81091027410978,3.0890897258902186
58.0,61.065402224383156,-3.0654022243831562
48.5,48.47625983550943,0.023740164490568816
55.5,57.83649577037324,-2.33649577037324
64.2,65.22624324505554,-1.0262432450555394
41.9,41.54147085110011,0.3585291488998905
50.8,69.12018527371126,-18.32018527371126
56.1,54.539594436924595,1.5604055630754061
56.9,54.806331633081705,2.093668366918294
61.0,60.25339633738296,0.7466036626170407
73.6,95.21064286869094,-21.610642868690945
55.6,55.86088820080135,-0.26088820080134667
31.9,34.76428262011803,-2.8642826201180327
46.3,47.303844373746166,-1.003844373746169
57.7,57.705680406293105,-0.00568040629310218
53.4,58.96247826214641,-5.5624782621464135
30.8,28.33344228304872,2.4665577169512822
29.0,29.109077764855236,-0.10907776485523613
57.1,55.52743436566421,1.5725656343357883
45.4,46.796014460863454,-1.396014460863455
72.1,56.04242042329979,16.057579576700206
59.9,58.61567779007611,1.2843222099238858
53.7,69.22872774131409,-15.528727741314086
82.6,82.49980995236407,0.10019004763591965
45.3,46.454661504174304,-1.1546615041743067
39.0,37.972445668486934,1.0275543315130662
58.6,57.57266803478546,1.0273319652145432
62.4,58.78954985499585,3.610450145004151
47.7,54.09718388245721,-6.397183882457206
55.2,59.85152644158223,-4.651526441582227
46.1,43.64381822898719,2.456181771012808
40.9,41.94666648452983,-1.0466664845298297
44.9,43.70629282572039,1.1937071742796093
30.5,33.63068059938134,-3.1306805993813427
95.4,94.50717852947301,0.8928214705269966
84.6,69.37798485349441,15.222015146505584
76.4,66.14988929696813,10.25011070303188
51.4,35.85550897402478,15.54449102597522
63.3,62.85170415077197,0.4482958492280247
59.6,61.04732716933153,-1.4473271693315297
41.6,42.37384069247317,-0.773840692473172
39.2,40.48794833112239,-1.2879483311223865
61.4,60.74196621478968,0.6580337852103213
63.8,63.65362377234424,0.14637622765575742
58.6,60.95352361376906,-2.353523613769056
29.4,31.007683135923422,-1.6076831359234234
31.7,33.45133343033712,-1.751333430337123
35.3,34.08437083388983,1.215629166110169
63.0,65.44741506071938,-2.447415060719379
72.0,80.51064955391786,-8.510649553917858
58.9,61.27425290513873,-2.374252905138732
32.4,32.739468205094404,-0.33946820509440556
60.3,58.76257195265551,1.5374280473444841
54.9,57.01947501555923,-2.1194750155592317
67.1,65.59050761924425,1.509492380755745
56.4,73.52274125785354,-17.12274125785354
65.3,66.68444626217405,-1.3844462621740519
57.6,58.92829384500251,-1.3282938450025057
45.7,43.923496778431264,1.7765032215687384
65.6,65.46532799582283,0.13467200417716185
63.6,63.23381689523437,0.3661831047656321
62.4,59.31277887880197,3.087221121198027
65.6,61.44025199540504,4.159748004594952
61.0,57.406589243896384,3.5934107561036157
63.8,63.596532650221526,0.20346734977847092
74.8,76.83945462944956,-2.0394546294495655
48.4,39.898694662063626,8.501305337936373
32.8,32.17267324965864,0.6273267503413607
32.6,35.405222523953704,-2.8052225239537023
59.9,61.034898695130515,-1.1348986951305164
58.4,58.064018139812,0.33598186018799936
60.9,59.76068965710265,1.1393103428973461
31.4,33.14936799527339,-1.7493679952733885
75.0,79.42196427702163,-4.42196427702163
42.0,43.038431235711265,-1.0384312357112648
27.1,27.25532050988948,-0.15532050988947788
34.4,35.7870088635154,-1.3870088635154048
64.7,65.2673729446737,-0.5673729446736928
42.1,46.58702282762602,-4.487022827626021
52.1,51.5080130145708,0.5919869854292017
30.4,30.136192841874127,0.2638071581258714
29.6,33.116857353767536,-3.5168573537675343
98.3,91.27065293580236,7.029347064197637
64.3,63.58285090897645,0.7171490910235505
30.6,32.47281470813859,-1.8728147081385913
53.2,61.48408547836721,-8.28408547836721
28.5,29.011038398612236,-0.5110383986122358
63.6,62.463271631302085,1.1367283686979164
48.1,47.01334290677972,1.086657093220282
62.5,64.0104593428712,-1.5104593428712008
54.9,51.95597670801167,2.94402329198833
28.2,30.47658686551714,-2.2765868655171424
33.9,33.47893339378712,0.42106660621287517
60.9,62.960058200243886,-2.060058200243887
38.7,42.21687366374868,-3.516873663748676
48.9,45.2948520790298,3.6051479209701967
75.0,78.34513403420152,-3.3451340342015214
62.2,62.17219186983234,0.02780813016766359
37.9,40.476125375722496,-2.576125375722498
63.4,60.6233219830659,2.776678016934099
94.1,99.93951446936015,-5.839514469360154
68.0,65.86246726767621,2.137532732323791
60.0,64.092627951071,-4.092627951070995
63.4,63.2272117773721,0.17278822262790072
59.3,58.6119251198209,0.6880748801790944
55.7,53.42505813031085,2.274941869689151
49.9,47.711385576090656,2.1886144239093426
60.8,59.16304532967184,1.6369546703281586
45.9,46.521162087937746,-0.6211620879377477
28.0,26.155809307534433,1.8441906924655669
44.8,37.48023352974101,7.31976647025899
40.5,43.32991957052746,-2.8299195705274585
36.1,36.914390736161714,-0.8143907361617124
34.0,34.176524229343435,-0.17652422934343548
63.3,61.88549696416063,1.4145030358393669
28.5,26.088570787301215,2.411429212698785
61.7,66.98967411040167,-5.289674110401663
65.0,65.74670594258853,-0.7467059425885338
37.6,37.56349778833755,0.0365022116624516
33.9,34.896469150107755,-0.9964691501077567
60.3,60.06531991970676,0.23468008029323784
61.0,58.507010295411355,2.492989704588645
28.5,28.61179599902021,-0.11179599902020954
39.1,38.85306879749934,0.24693120250066158
45.6,44.0804838336749,1.5195161663251042
34.7,33.7956318642532,0.9043681357468003
62.0,63.93005423282212,-1.9300542328221226
93.2,77.62284868913477,15.577151310865233
60.3,58.164297516702554,2.135702483297443
43.9,43.912608956733244,-0.012608956733245691
59.1,58.378174683641284,0.7218253163587178
44.6,35.94592411639098,8.654075883609025
55.3,53.44215213664503,1.8578478633549693
48.5,51.72228679603575,-3.2222867960357533
42.5,39.66017018397928,2.8398298160207176
47.7,47.54038907209384,0.15961092790616505
51.2,50.99770320489767,0.20229679510233467
59.1,59.36650326234594,-0.26650326234593535
62.9,63.30119487639494,-0.4011948763949391
33.5,34.411203811841084,-0.9112038118410837
64.5,62.19688023166105,2.303119768338952
62.5,64.36820090434955,-1.8682009043495498
76.0,63.21848437793482,12.781515622065179
27.8,23.68031560928457,4.119684390715431
96.5,90.10198584969723,6.398014150302771
58.2,64.401383361435,-6.201383361434992
63.1,66.75893122036251,-3.6589312203625113
64.5,44.2270454090499,20.2729545909501
77.9,64.4123819449124,13.487618055087609
61.2,63.40486784077806,-2.204867840778057
60.4,59.517381360413076,0.8826186395869229
40.8,35.621386229921974,5.178613770078023
63.2,66.17464406487036,-2.974644064870361
62.5,61.25181804940227,1.2481819505977327
86.4,74.9974928337179,11.402507166282106
30.9,32.75616514059303,-1.8561651405930348
30.1,29.95491575689868,0.14508424310132284
91.1,88.23335229819696,2.866647701803032
80.6,93.61266766384261,-13.01266766384262
49.6,46.97984628451159,2.6201537154884136
76.6,51.56008119754838,25.039918802451616
62.0,64.60636183012201,-2.6063618301220117
63.8,85.95911088849934,-22.15911088849934
60.9,62.15169283814394,-1.2516928381439385
65.7,62.447066379991576,3.2529336200084273
60.6,60.55765809267728,0.04234190732272225
41.0,43.96286528431326,-2.96286528431326
69.3,72.07493488625238,-2.7749348862523817
45.6,55.712402841029906,-10.112402841029905
28.5,27.576887471259788,0.9231125287402122
51.8,47.06385080679065,4.73614919320935
74.2,43.817929043019284,30.38207095698072
31.6,30.08344232722535,1.5165576727746526
50.2,49.65218229770698,0.547817702293024
64.2,63.80665229546032,0.3933477045396856
62.3,63.39740370668476,-1.0974037066847657
60.5,57.96985278160941,2.5301472183905886
55.3,47.08506932539324,8.214930674606755
59.3,58.78127466744092,0.5187253325590788
57.5,55.63085357842673,1.8691464215732694
61.7,60.644752099695204,1.0552479003047992
59.7,65.08528990174494,-5.38528990174494
27.9,27.955382055330965,-0.055382055330966296
79.7,86.61447963122149,-6.914479631221482
89.1,77.74086332813502,11.359136671864974
76.6,74.80226319395501,1.7977368060449805
27.5,29.9094890255439,-2.4094890255438983
78.1,110.29096286111505,-32.190962861115054
61.0,63.395293370953205,-2.3952933709532047
54.0,53.866715400130055,0.13328459986994545
33.6,31.662543053125738,1.9374569468742635
51.6,50.863624113486296,0.7363758865137058
49.0,51.8914889541228,-2.8914889541227993
75.9,77.66209484152517,-1.762094841525169
63.9,62.525571080369964,1.3744289196300343
64.5,63.703680819956396,0.7963191800436036
49.2,71.17030903643709,-21.970309036437087
34.9,34.84393553463456,0.056064465365437854
66.2,65.6886318374053,0.5113681625947066
44.9,40.38881147264336,4.511188527356637
85.3,71.38696084888676,13.913039151113239
61.2,60.29423080296828,0.9057691970317236
58.8,60.2481172514782,-1.4481172514782017
42.0,45.22009423217147,-3.220094232171469
55.3,53.31713909843699,1.9828609015630079
55.9,55.78271563440516,0.11728436559484123
39.2,39.27909436365271,-0.0790943636527075
33.4,34.80656837549464,-1.4065683754946434
63.4,63.372336121408104,0.027663878591894786
62.9,63.14133381221098,-0.24133381221098205
62.3,60.14850902884864,2.151490971151354
53.8,55.37215366202084,-1.5721536620208454
61.8,60.299687857778856,1.5003121422211407
30.4,32.385585471373126,-1.9855854713731276
61.4,61.012085877956174,0.38791412204382425
63.4,62.75839784006961,0.641602159930386
64.5,64.98213795348178,-0.48213795348178223
57.7,60.208495385201566,-2.508495385201563
55.5,56.09643812753398,-0.596438127533979
57.8,61.908843882771386,-4.108843882771389
86.5,80.54355383098758,5.956446169012423
60.3,60.758302111159416,-0.4583021111594192
69.4,68.65544269947372,0.7445573005262816
74.6,75.83843000085776,-1.2384300008577611
63.1,65.67949811438407,-2.579498114384073
61.8,61.47803878656054,0.32196121343945805
60.9,58.80735461212223,2.0926453878777664
62.8,61.462302492056786,1.3376975079432114
53.3,69.34890938282098,-16.04890938282098
44.6,46.802207056562885,-2.2022070565628837
65.7,65.43572876116949,0.26427123883051706
27.5,26.466982406828116,1.0330175931718841
63.7,61.92787474077161,1.772125259228396
43.4,42.73074800349122,0.6692519965087769
58.6,85.75130222768186,-27.15130222768186
33.4,35.8944458031611,-2.494445803161099
47.0,48.546112614923665,-1.5461126149236648
61.2,60.04084973617069,1.1591502638293107
52.3,54.310148769692184,-2.0101487696921865
37.5,32.28703169027326,5.21296830972674
94.4,74.78560955464309,19.614390445356918
72.8,68.05399618244593,4.746003817554069
64.9,67.27465016683814,-2.374650166838137
67.4,67.67108518756064,-0.2710851875606295
57.4,61.0683725205953,-3.668372520595298
63.6,64.5408092116036,-0.9408092116036002
33.5,34.4139775119236,-0.9139775119235978
27.5,26.035440736443668,1.4645592635563318
54.2,56.561397795844776,-2.3613977958447734
50.0,53.075784492744056,-3.075784492744056
56.1,40.077153058446136,16.022846941553865
62.0,63.67732814557517,-1.6773281455751672
27.4,27.866013559588772,-0.4660135595887738
91.6,96.10326696258795,-4.503266962587958
45.5,44.77482017362389,0.7251798263761131
55.6,54.6191393072042,0.980860692795801
48.1,48.44095925780136,-0.3409592578013587
42.2,42.830892746916525,-0.6308927469165226
60.0,59.400210005833756,0.5997899941662439
71.5,74.40157498698528,-2.901574986985281
55.4,57.38141962699927,-1.9814196269992692
62.1,63.29192238149765,-1.1919223814976476
45.3,44.238409691339065,1.0615903086609322
42.7,43.23551870259464,-0.5355187025946364
60.4,62.77486814860982,-2.3748681486098207
45.1,47.575702062383904,-2.4757020623839026
79.0,68.52393806784198,10.476061932158018
60.5,60.24234725028602,0.25765274971397645
92.9,82.65474456565289,10.245255434347115
53.3,47.165322352784436,6.134677647215561
62.8,63.512144393958074,-0.7121443939580772
27.4,28.1564717385313,-0.7564717385313031
78.2,83.46726689506195,-5.267266895061951
40.9,40.6568310857835,0.243168914216497
53.4,56.429328496061196,-3.029328496061197
51.0,49.435285852735824,1.5647141472641763
60.4,62.06680089113198,-1.6668008911319845
68.5,62.93145594355129,5.568544056448708
55.4,51.85508422066753,3.54491577933247
63.5,64.86952430297274,-1.369524302972735
58.8,61.73523367221848,-2.93523367221848
61.5,61.49064907503256,0.009350924967442609
27.4,26.63219548893118,0.7678045110688174
28.2,25.87064677336418,2.3293532266358206
38.7,42.881059645200345,-4.181059645200342
58.4,56.231987033194805,2.1680129668051933
35.6,31.508225731696136,4.091774268303865
56.2,57.79188888195879,-1.5918888819587877
53.8,59.285175922521866,-5.485175922521869
61.8,61.29190178366033,0.5080982163396683
76.9,72.41885414805782,4.481145851942188
45.9,42.22627313855438,3.6737268614456156
41.8,39.1424390238279,2.6575609761720997
63.4,65.42178645943483,-2.0217864594348285
59.1,59.65538479705254,-0.5553847970525396
61.7,62.39617332982154,-0.6961733298215407
59.7,59.29704431175909,0.4029556882409153
34.9,36.588740154538904,-1.6887401545389054
51.6,51.69309529443746,-0.09309529443746101
58.0,56.56008618925453,1.4399138107454732
62.8,60.87134192688644,1.92865807311356
28.5,31.624204254861006,-3.124204254861006
58.7,60.986581197497465,-2.286581197497462
36.3,38.83976524807972,-2.539765248079725
95.2,84.12307564923631,11.07692435076369
79.5,67.84602633377477,11.653973666225227
95.1,80.91266055255025,14.187339447449745
61.5,62.716344390639684,-1.2163443906396836
60.5,56.9094950678334,3.5905049321666027
65.7,66.01243341442964,-0.3124334144296341
58.5,58.53033481323292,-0.03033481323291909
61.5,63.27109183544588,-1.7710918354458798
43.8,46.45195332745309,-2.651953327453093
75.6,72.01374088981964,3.5862591101803503
57.7,57.90552970242219,-0.20552970242219004
96.8,106.96642379976953,-10.166423799769532
54.5,59.7738310821291,-5.2738310821290995
54.8,55.331559742402426,-0.531559742402429
33.0,29.79111289870439,3.208887101295609
58.8,58.68260333472035,0.11739666527964943
57.6,57.85939903670623,-0.25939903670622755
27.5,29.81364388868858,-2.3136438886885813
60.5,61.524742720908556,-1.0247427209085558
59.8,59.532861109711796,0.2671388902882015
61.4,64.28262192468807,-2.882621924688074
50.8,42.47199165482156,8.32800834517844
60.4,60.02708310894133,0.3729168910586651
29.6,27.750573915602665,1.8494260843973365
59.0,57.82383549987423,1.176164500125772
68.6,61.032129327417856,7.5678706725821385
76.4,85.04790735203483,-8.64790735203482
61.3,61.072119967441004,0.2278800325589927
30.6,30.36862262498618,0.23137737501382105
71.7,76.98216039758796,-5.282160397587958
28.9,32.868684216139705,-3.9686842161397067
28.3,31.081147597315457,-2.7811475973154565
54.7,54.87290136272522,-0.17290136272522005
52.1,51.90263383848502,0.197366161514978
49.0,64.93457586816248,-15.934575868162483
48.8,49.55535424045237,-0.7553542404523697
48.6,50.32195743115553,-1.7219574311555306
27.5,32.51903111132473,-5.019031111324729
54.5,54.97312917371355,-0.4731291737135521
61.9,62.89524459036297,-0.9952445903629723
60.6,60.24338307255953,0.35661692744047
27.9,28.64282126392481,-0.7428212639248102
65.3,65.70522742072768,-0.4052274207276838
67.1,65.48752065595173,1.6124793440482676
46.3,42.17828187009345,4.121718129906547
56.5,60.07444109073197,-3.5744410907319732
60.0,55.98000241098642,4.0199975890135775
58.3,61.12976502348534,-2.8297650234853435
58.9,62.03331788586279,-3.1333178858627946
62.6,66.61915416097818,-4.019154160978182
57.4,53.18147918078545,4.218520819214547
62.3,64.1381108749573,-1.8381108749573087
64.1,53.735071376073925,10.364928623926069
55.1,57.33951028355441,-2.2395102835544094
64.8,59.240630653112255,5.559369346887742
52.3,45.9150819615459,6.384918038454096
75.3,74.63945358183278,0.6605464181672147
51.6,48.698964050271776,2.901035949728225
87.0,104.14542200999645,-17.14542200999645
31.8,35.05503169149565,-3.255031691495649
60.8,65.27086692501976,-4.470866925019763
62.1,66.88722544742765,-4.787225447427652
58.0,58.426547242353,-0.4265472423530028
37.4,36.661792327679585,0.7382076723204136
58.3,61.777252210250914,-3.477252210250917
65.3,62.14529071871983,3.1547092812801694
61.8,59.98374716056215,1.816252839437844
92.2,80.27401233331338,11.925987666686623
27.7,24.30529863785528,3.394701362144719
50.2,49.41422809193717,0.7857719080628343
87.8,65.05101220321063,22.748987796789365
60.6,54.05553577876112,6.544464221238883
63.9,63.51163709897482,0.38836290102517523
57.0,60.68696435596927,-3.6869643559692733
27.1,27.026978384313473,0.07302161568652821
42.5,39.01024995966525,3.489750040334748
67.0,66.4156105707161,0.5843894292839025
27.6,30.289083442278347,-2.6890834422783456
68.9,55.60291022546745,13.297089774532559
94.6,84.90377428653551,9.696225713464486
50.5,50.293095907528446,0.20690409247155372
28.4,29.87371885167115,-1.4737188516711512
37.9,37.98753142450253,-0.08753142450252938
31.9,35.07078929430977,-3.1707892943097704
57.6,57.24039888998748,0.3596011100125196
57.8,58.23336555530549,-0.4333655553054925
50.1,52.36968011421348,-2.269680114213479
56.1,59.376432374634796,-3.276432374634794
72.7,102.560267412586,-29.860267412585998
80.9,94.31843579894397,-13.41843579894396
27.9,25.81081060153506,2.0891893984649386
48.5,48.3960750659083,0.103924934091701
60.1,60.72687493176864,-0.62687493176864
56.0,61.09303905243669,-5.093039052436687
34.1,35.02628488042375,-0.9262848804237507
60.3,59.485441885682185,0.814558114317812
60.1,59.64202774717928,0.4579722528207242
64.7,64.82743299759105,-0.12743299759104332
86.1,67.62359970940517,18.476400290594825
63.5,63.733539043657196,-0.23353904365719558
37.3,36.177693158749214,1.1223068412507828
61.2,63.31178278531912,-2.1117827853191145
38.4,36.44839689301187,1.9516031069881308
32.7,32.87622453142745,-0.17622453142744376
61.8,61.62465251855216,0.17534748144783663
61.5,58.947604284099675,2.5523957159003245
46.8,48.963612332904184,-2.1636123329041865
61.9,63.94375825504867,-2.0437582550486724
58.3,64.94106126230466,-6.64106126230466
61.9,61.625865627777394,0.27413437222260484
60.1,61.282688079340865,-1.1826880793408634
46.5,48.394377885903005,-1.8943778859030047
27.8,28.30375757883585,-0.5037575788358488
97.1,88.52322969399393,8.576770306006068
59.9,58.078212693322676,1.8217873066773222
29.9,26.00658378314794,3.89341621685206
62.0,63.501750145741276,-1.5017501457412763
62.8,66.64335900587403,-3.843359005874035
61.5,61.961698222586755,-0.4616982225867545
59.3,58.647328741919985,0.6526712580800123
59.7,57.37903618268107,2.3209638173189333
42.6,43.95162464803274,-1.3516246480327396
61.4,61.900964335206005,-0.5009643352060067
49.9,52.74895705578137,-2.8489570557813693
48.6,49.50292293428341,-0.90292293428341
66.3,67.78511837362532,-1.4851183736253262
33.5,34.14867862405962,-0.6486786240596203
63.3,61.88987539624929,1.4101246037507096
61.7,62.36181483039277,-0.661814830392764
61.2,61.60217987460475,-0.402179874604748
31.3,31.77813413489391,-0.4781341348939101
47.1,49.5582183852782,-2.458218385278201
59.6,62.04707271321599,-2.447072713215988
59.8,60.672082157570735,-0.8720821575707376
60.2,60.34057638345134,-0.14057638345133938
46.9,69.20547611604431,-22.30547611604431
59.2,57.01910781685984,2.180892183140166
40.6,45.25460893597866,-4.654608935978658
63.3,61.25485308036193,2.0451469196380643
59.2,62.796694625148966,-3.596694625148963
57.8,60.56804569241522,-2.768045692415221
60.0,53.44711211420108,6.552887885798917
60.6,59.814085277502606,0.7859147224973952
40.4,41.580721539920766,-1.1807215399207678
65.1,64.37932141725514,0.7206785827448527
60.3,63.96869497809427,-3.6686949780942726
56.7,51.6079077470774,5.092092252922605
47.4,46.237320263118484,1.1626797368815147
49.4,47.312698254212386,2.087301745787613
62.3,59.90391926052366,2.3960807394763393
59.3,62.4520708147376,-3.1520708147376055
90.9,72.10040399299956,18.799596007000446
56.6,58.27649487283535,-1.6764948728353488
40.6,44.78192918185217,-4.181929181852169
40.8,45.04155985848515,-4.241559858485154
60.1,56.81643417616919,3.2835658238308127
62.9,65.92183939464263,-3.021839394642633
37.9,36.39159429467271,1.5084057053272915
63.8,64.39917779908768,-0.5991777990876841
58.1,57.322121116075316,0.7778788839246857
61.2,64.1186386370151,-2.9186386370150927
55.2,56.08591427136465,-0.8859142713646477
31.5,30.340068537410367,1.1599314625896326
45.1,47.97699941259311,-2.8769994125931078
61.9,62.39794590573006,-0.49794590573006303
38.8,36.55921261918879,2.2407873808112058
51.6,52.3859996185683,-0.7859996185682974
65.5,65.42528326287928,0.07471673712072402
61.7,63.18465578523985,-1.4846557852398448
48.1,49.40378493695153,-1.30378493695153
45.0,49.10096573546013,-4.100965735460129
62.4,61.893459571089686,0.5065404289103128
63.1,64.139486703004,-1.0394867030039947
64.3,62.25606445590292,2.0439355440970743
60.6,60.01557314848977,0.58442685151023
61.2,57.93780299724377,3.2621970027562313
36.1,35.17748801600735,0.9225119839926492
51.2,53.84305052253648,-2.643050522536477
48.3,49.493808453330566,-1.1938084533305684
28.4,29.9383888051133,-1.5383888051133
49.7,50.178336774581986,-0.4783367745819831
45.1,47.982727732899825,-2.8827277328998235
47.6,44.287753331504184,3.312246668495817
61.4,62.75603719568746,-1.3560371956874633
49.6,54.02358105538915,-4.42358105538915
57.0,58.8861492141941,-1.8861492141940985
60.6,61.83566824950834,-1.2356682495083362
60.4,57.42448075911407,2.97551924088593
79.5,87.91570463198784,-8.415704631987836
58.1,56.80929730441088,1.2907026955891183
90.0,67.1479347012779,22.852065298722096
30.4,32.3521245742809,-1.9521245742809015
75.9,45.29141100333259,30.608588996667415
57.2,58.0089843979461,-0.808984397946098
86.5,89.36339512700715,-2.863395127007152
80.8,80.8846112540806,-0.084611254080599
27.4,28.983678783013936,-1.5836787830139372
47.7,45.08397862100046,2.616021378999541
59.3,59.45445654458933,-0.15445654458932978
35.4,34.12223556190548,1.277764438094522
49.4,53.10136480586747,-3.7013648058674704
62.3,63.26764511084523,-0.9676451108452326
53.3,52.65058829769567,0.6494117023043273
78.8,99.01522170065664,-20.21522170065664
47.7,62.095957165356175,-14.395957165356172
60.9,60.214586922560805,0.6854130774391933
57.0,60.119344448855934,-3.1193444488559336
63.4,57.56016201737926,5.839837982620736
62.9,62.99470504958418,-0.09470504958417791
60.9,55.597383079796266,5.302616920203732
58.8,60.4128397876193,-1.6128397876193006
76.9,83.31941324292973,-6.419413242929721
74.4,46.62938786267832,27.770612137321685
49.9,54.4062517004163,-4.5062517004163
60.4,59.10589212243098,1.2941078775690187
62.7,63.12986354737094,-0.42986354737093535
58.7,59.51004623024672,-0.8100462302467193
61.7,63.21439848267608,-1.5143984826760786
53.2,27.80846552038488,25.391534479615125
94.0,79.44308019697601,14.556919803023987
28.6,29.6298293100023,-1.0298293100022988
57.1,60.811626483965604,-3.7116264839656026
62.9,63.869355351764604,-0.9693553517646052
55.1,55.52050685754748,-0.42050685754747974
63.8,61.76051088222996,2.0394891177700387
63.9,63.77072873859289,0.1292712614071121
57.1,60.0678385587557,-2.9678385587557017
61.3,60.50403992943553,0.7959600705644689
60.8,59.53627909363859,1.2637209063614065
54.5,59.53203437301415,-5.032034373014149
36.7,36.97791485136036,-0.2779148513603573
35.8,36.81835501607309,-1.0183550160730945
59.8,59.92379407161899,-0.12379407161899536
73.1,72.24560541283486,0.8543945871651317
60.3,59.52391750404377,0.7760824959562242
74.3,47.96629369703374,26.333706302966256
29.4,29.856807053909797,-0.4568070539097988
